﻿<parameters>
  <parameter name="IIS Web Application Name" defaultValue="Default Web Site/" tags="IisApp">
    <parameterEntry kind="ProviderPath" scope="IisApp" match="^C:\\IdentityV2\.Presentation-nada\\IdentityV2\.Presentation\\obj\\Debug\\Package\\PackageTmp$" />
    <parameterEntry kind="ProviderPath" scope="setAcl" match="^C:\\IdentityV2\.Presentation-nada\\IdentityV2\.Presentation\\obj\\Debug\\Package\\PackageTmp$" />
  </parameter>
  <parameter name="MyConnection-Web.config Connection String" description="MyConnection Connection String used in web.config by the application to access the database." defaultValue="Data Source=(LocalDb)\MSSQLLocalDB;          Initial Catalog=lalalllll;Integrated Security=True" tags="SqlConnectionString">
    <parameterEntry kind="XmlFile" scope="C:\\IdentityV2\.Presentation-nada\\IdentityV2\.Presentation\\obj\\Debug\\Package\\PackageTmp\\Web\.config$" match="/configuration/connectionStrings/add[@name='MyConnection']/@connectionString" />
  </parameter>
  <parameter name="manel-Web.config Connection String" description="manel Connection String used in web.config by the application to access the database." defaultValue="Data Source=manel.cltl945sdj4b.eu-west-1.rds.amazonaws.com,1433; Initial Catalog=lalalllll; Integrated Security=False;User ID=manel;Password=manelmanel; MultipleActiveResultSets=True;" tags="SqlConnectionString">
    <parameterEntry kind="XmlFile" scope="C:\\IdentityV2\.Presentation-nada\\IdentityV2\.Presentation\\obj\\Debug\\Package\\PackageTmp\\Web\.config$" match="/configuration/connectionStrings/add[@name='manel']/@connectionString" />
  </parameter>
</parameters>